{"cameraMode":{"drawMode":0,"name":"Shaded","section":"Shading Mode"},"sceneLighting":true,"audioPlay":false,"sceneViewState":{"showFog":false,"showMaterialUpdate":true,"showSkybox":true,"showFlares":false,"showImageEffects":true,"showParticleSystems":true},"in2DMode":false,"pivot":{"x":9.59826946258545,"y":-23.974536895751954,"z":-23.36905288696289},"rotation":{"x":0.25544559955596926,"y":0.17036503553390504,"z":-0.04574305936694145,"w":0.9506460428237915},"size":30.778289794921876,"orthographic":false}