{"cameraMode":{"drawMode":0,"name":"Shaded","section":"Shading Mode"},"sceneLighting":false,"audioPlay":false,"sceneViewState":{"showFog":false,"showMaterialUpdate":true,"showSkybox":false,"showFlares":false,"showImageEffects":true,"showParticleSystems":true},"in2DMode":false,"pivot":{"x":-2.58599853515625,"y":-20.033994674682618,"z":-0.11999999731779099},"rotation":{"x":0.335585355758667,"y":0.4731510579586029,"z":-0.20117506384849549,"w":0.7893471121788025},"size":23.334524154663087,"orthographic":false}